{
    "Results": {
        "('random', 'smart')": {
            "smart": {
                "Wins": 1,
                "Losses": 1,
                "Draws": 0,
                "TotalTime": 201.53292107582092,
                "TotalActions": 10,
                "GamesPlayed": 2,
                "AvgTimePerMatch": 100.76646053791046,
                "AvgActionsPerMatch": 5.0,
                "AvgTimePerAction": 20.153292107582093
            },
            "random": {
                "Wins": 1,
                "Losses": 1,
                "Draws": 0,
                "TotalTime": 0.00016689300537109375,
                "TotalActions": 10,
                "GamesPlayed": 2,
                "AvgTimePerMatch": 8.344650268554688e-05,
                "AvgActionsPerMatch": 5.0,
                "AvgTimePerAction": 1.6689300537109375e-05
            }
        }
    }
}