{
    "Results": {
        "('normalized 1 sec', 'single 1 sec')": {
            "single 1 sec": {
                "Wins": 5468,
                "Losses": 4068,
                "Draws": 464,
                "TotalTime": 152481.84507083893,
                "TotalActions": 152210,
                "GamesPlayed": 10000,
                "FirstPlayerWins": 2860,
                "AvgTimePerMatch": 15.248184507083893,
                "AvgActionsPerMatch": 15.221,
                "AvgTimePerAction": 1.0017859869314691
            },
            "normalized 1 sec": {
                "Wins": 4068,
                "Losses": 5468,
                "Draws": 464,
                "TotalTime": 151787.1378030777,
                "TotalActions": 151504,
                "GamesPlayed": 10000,
                "FirstPlayerWins": 2154,
                "AvgTimePerMatch": 15.17871378030777,
                "AvgActionsPerMatch": 15.1504,
                "AvgTimePerAction": 1.0018688470474555
            }
        }
    }
}